modelo,accuracy,precision,recall,f1,roc_auc
Regresión Logística,0.7243994456421312,0.720278820823396,0.7243994456421312,0.7206707306130111,0.8828638085647011
Árbol de Decisión,0.8882814906067139,0.8877395873570241,0.8882814906067139,0.8879686542147275,0.9161734103646823
Random Forest,0.9315906991068679,0.9318701068847917,0.9315906991068679,0.9315983901307012,0.9913441472769235
